scenario,route,grouping,window_ms,order_index,req_id,prefix_type,group_key,schedule_wait_ms,prompt_tokens,prefix_tokens,reused_tokens,reuse_hit,model_latency_s,total_latency_s,output_tokens,throughput_tokens_per_s
fifo_w0,route1,fifo,0,0,1,A,fifo_1,0.000,18,18,0,0,3.941909,3.941909,128,32.471575
fifo_w0,route1,fifo,0,1,2,A,fifo_2,0.000,21,21,0,0,3.905075,3.905075,128,32.777857
fifo_w0,route1,fifo,0,2,3,A,fifo_3,0.000,21,21,0,0,3.910554,3.910554,128,32.731933
fifo_w0,route1,fifo,0,3,4,A,fifo_4,0.000,23,23,0,0,3.899910,3.899910,128,32.821267
fifo_w0,route1,fifo,0,4,5,A,fifo_5,0.000,20,20,0,0,3.895510,3.895510,128,32.858343
fifo_w0,route1,fifo,0,5,6,A,fifo_6,0.000,23,23,0,0,3.903278,3.903278,128,32.792950
fifo_w0,route1,fifo,0,6,7,A,fifo_7,0.000,18,18,0,0,3.928139,3.928139,128,32.585408
fifo_w0,route1,fifo,0,7,8,A,fifo_8,0.000,20,20,0,0,3.984102,3.984102,128,32.127693
fifo_w0,route1,fifo,0,8,9,A,fifo_9,0.000,20,20,0,0,3.637180,3.637180,128,35.192103
fifo_w0,route1,fifo,0,9,10,A,fifo_10,0.000,20,20,0,0,3.785027,3.785027,128,33.817459
fifo_w0,route1,fifo,0,10,11,B,fifo_11,0.000,21,21,0,0,3.932312,3.932312,128,32.550825
fifo_w0,route1,fifo,0,11,12,B,fifo_12,0.000,21,21,0,0,3.984783,3.984783,128,32.122200
fifo_w0,route1,fifo,0,12,13,B,fifo_13,0.000,19,19,0,0,3.941924,3.941924,128,32.471453
fifo_w0,route1,fifo,0,13,14,B,fifo_14,0.000,19,19,0,0,4.053234,4.053234,128,31.579721
fifo_w0,route1,fifo,0,14,15,B,fifo_15,0.000,21,21,0,0,4.002905,4.002905,128,31.976777
fifo_w0,route1,fifo,0,15,16,B,fifo_16,0.000,21,21,0,0,3.314481,3.314481,128,38.618413
fifo_w0,route1,fifo,0,16,17,B,fifo_17,0.000,21,21,0,0,3.733843,3.733843,128,34.281031
fifo_w0,route1,fifo,0,17,18,B,fifo_18,0.000,21,21,0,0,4.147467,4.147467,128,30.862213
fifo_w0,route1,fifo,0,18,19,B,fifo_19,0.000,21,21,0,0,3.628879,3.628879,128,35.272605
fifo_w0,route1,fifo,0,19,20,B,fifo_20,0.000,21,21,0,0,3.721702,3.721702,128,34.392867
fifo_w0,route1,fifo,0,20,21,C,fifo_21,0.000,24,24,0,0,3.752209,3.752209,128,34.113240
fifo_w0,route1,fifo,0,21,22,C,fifo_22,0.000,23,23,0,0,3.540652,3.540652,128,36.151532
fifo_w0,route1,fifo,0,22,23,C,fifo_23,0.000,24,24,0,0,3.321139,3.321139,128,38.541000
fifo_w0,route1,fifo,0,23,24,C,fifo_24,0.000,23,23,0,0,3.633580,3.633580,128,35.226967
fifo_w0,route1,fifo,0,24,25,C,fifo_25,0.000,21,21,0,0,3.730790,3.730790,128,34.309084
fifo_w0,route1,fifo,0,25,26,C,fifo_26,0.000,24,24,0,0,3.753510,3.753510,128,34.101418
fifo_w0,route1,fifo,0,26,27,C,fifo_27,0.000,23,23,0,0,3.762874,3.762874,128,34.016548
fifo_w0,route1,fifo,0,27,28,C,fifo_28,0.000,24,24,0,0,3.753329,3.753329,128,34.103058
fifo_w0,route1,fifo,0,28,29,C,fifo_29,0.000,23,23,0,0,3.773827,3.773827,128,33.917828
fifo_w0,route1,fifo,0,29,30,C,fifo_30,0.000,21,21,0,0,3.767926,3.767926,128,33.970941
fifo_w0,route1,fifo,0,30,31,D,fifo_31,0.000,22,22,0,0,3.781102,3.781102,128,33.852567
fifo_w0,route1,fifo,0,31,32,D,fifo_32,0.000,23,23,0,0,3.458558,3.458558,128,37.009649
fifo_w0,route1,fifo,0,32,33,D,fifo_33,0.000,22,22,0,0,3.158346,3.158346,121,38.311190
fifo_w0,route1,fifo,0,33,34,D,fifo_34,0.000,20,20,0,0,3.312018,3.312018,128,38.647130
fifo_w0,route1,fifo,0,34,35,D,fifo_35,0.000,22,22,0,0,3.312636,3.312636,128,38.639926
fifo_w0,route1,fifo,0,35,36,D,fifo_36,0.000,22,22,0,0,3.169179,3.169179,121,38.180240
fifo_w0,route1,fifo,0,36,37,D,fifo_37,0.000,25,24,0,0,3.564212,3.564212,128,35.912568
fifo_w0,route1,fifo,0,37,38,D,fifo_38,0.000,22,22,0,0,3.718407,3.718407,128,34.423342
fifo_w0,route1,fifo,0,38,39,D,fifo_39,0.000,22,22,0,0,3.798953,3.798953,128,33.693496
fifo_w0,route1,fifo,0,39,40,D,fifo_40,0.000,20,20,0,0,3.747000,3.747000,128,34.160658
fifo_w0,route1,fifo,0,40,41,E,fifo_41,0.000,20,20,0,0,3.919340,3.919340,128,32.658561
fifo_w0,route1,fifo,0,41,42,E,fifo_42,0.000,18,18,0,0,4.008859,4.008859,128,31.929283
fifo_w0,route1,fifo,0,42,43,E,fifo_43,0.000,18,18,0,0,3.818013,3.818013,128,33.525290
fifo_w0,route1,fifo,0,43,44,E,fifo_44,0.000,20,20,0,0,3.899670,3.899670,128,32.823294
fifo_w0,route1,fifo,0,44,45,E,fifo_45,0.000,21,21,0,0,3.924781,3.924781,128,32.613284
fifo_w0,route1,fifo,0,45,46,E,fifo_46,0.000,21,21,0,0,3.872439,3.872439,128,33.054103
fifo_w0,route1,fifo,0,46,47,E,fifo_47,0.000,20,20,0,0,3.911389,3.911389,128,32.724950
fifo_w0,route1,fifo,0,47,48,E,fifo_48,0.000,20,20,0,0,3.904784,3.904784,128,32.780300
fifo_w0,route1,fifo,0,48,49,E,fifo_49,0.000,21,21,0,0,3.909354,3.909354,128,32.741984
fifo_w0,route1,fifo,0,49,50,E,fifo_50,0.000,23,23,0,0,3.898405,3.898405,128,32.833937
fifo_w0,route1,fifo,0,50,51,F,fifo_51,0.000,20,20,0,0,3.894056,3.894056,128,32.870611
fifo_w0,route1,fifo,0,51,52,F,fifo_52,0.000,20,20,0,0,3.883634,3.883634,128,32.958824
fifo_w0,route1,fifo,0,52,53,F,fifo_53,0.000,20,20,0,0,3.913385,3.913385,128,32.708260
fifo_w0,route1,fifo,0,53,54,F,fifo_54,0.000,20,20,0,0,3.887542,3.887542,128,32.925689
fifo_w0,route1,fifo,0,54,55,F,fifo_55,0.000,20,20,0,0,3.894590,3.894590,128,32.866103
fifo_w0,route1,fifo,0,55,56,F,fifo_56,0.000,21,21,0,0,3.935496,3.935496,128,32.524492
fifo_w0,route1,fifo,0,56,57,F,fifo_57,0.000,20,20,0,0,3.622331,3.622331,128,35.336367
fifo_w0,route1,fifo,0,57,58,F,fifo_58,0.000,20,20,0,0,3.789669,3.789669,128,33.776036
fifo_w0,route1,fifo,0,58,59,F,fifo_59,0.000,20,20,0,0,3.944206,3.944206,128,32.452669
fifo_w0,route1,fifo,0,59,60,F,fifo_60,0.000,20,20,0,0,3.960800,3.960800,128,32.316704
fifo_w0,route1,fifo,0,60,61,G,fifo_61,0.000,24,24,0,0,3.955598,3.955598,128,32.359206
fifo_w0,route1,fifo,0,61,62,G,fifo_62,0.000,21,21,0,0,0.325688,0.325688,9,27.633826
fifo_w0,route1,fifo,0,62,63,G,fifo_63,0.000,21,21,0,0,4.049465,4.049465,128,31.609112
fifo_w0,route1,fifo,0,63,64,G,fifo_64,0.000,21,21,0,0,3.962303,3.962303,128,32.304447
fifo_w0,route1,fifo,0,64,65,G,fifo_65,0.000,21,21,0,0,3.311322,3.311322,128,38.655251
fifo_w0,route1,fifo,0,65,66,G,fifo_66,0.000,22,22,0,0,3.785942,3.785942,128,33.809287
fifo_w0,route1,fifo,0,66,67,G,fifo_67,0.000,22,22,0,0,4.050642,4.050642,128,31.599926
fifo_w0,route1,fifo,0,67,68,G,fifo_68,0.000,21,21,0,0,0.341042,0.341042,11,32.254079
fifo_w0,route1,fifo,0,68,69,G,fifo_69,0.000,21,21,0,0,3.606589,3.606589,128,35.490603
fifo_w0,route1,fifo,0,69,70,G,fifo_70,0.000,21,21,0,0,3.721556,3.721556,128,34.394215
fifo_w0,route1,fifo,0,70,71,H,fifo_71,0.000,20,20,0,0,3.728761,3.728761,128,34.327755
fifo_w0,route1,fifo,0,71,72,H,fifo_72,0.000,19,19,0,0,3.607705,3.607705,128,35.479620
fifo_w0,route1,fifo,0,72,73,H,fifo_73,0.000,19,19,0,0,3.318507,3.318507,128,38.571560
fifo_w0,route1,fifo,0,73,74,H,fifo_74,0.000,22,22,0,0,3.562453,3.562453,128,35.930298
fifo_w0,route1,fifo,0,74,75,H,fifo_75,0.000,20,20,0,0,3.721470,3.721470,128,34.395009
fifo_w0,route1,fifo,0,75,76,H,fifo_76,0.000,22,22,0,0,3.742487,3.742487,128,34.201857
fifo_w0,route1,fifo,0,76,77,H,fifo_77,0.000,20,20,0,0,3.747971,3.747971,128,34.151808
fifo_w0,route1,fifo,0,77,78,H,fifo_78,0.000,19,19,0,0,3.783892,3.783892,128,33.827607
fifo_w0,route1,fifo,0,78,79,H,fifo_79,0.000,17,17,0,0,3.759684,3.759684,128,34.045419
fifo_w0,route1,fifo,0,79,80,H,fifo_80,0.000,19,19,0,0,3.755435,3.755435,128,34.083933
fifo_w0,route1,fifo,0,80,81,I,fifo_81,0.000,23,23,0,0,3.781862,3.781862,128,33.845760
fifo_w0,route1,fifo,0,81,82,I,fifo_82,0.000,21,21,0,0,3.528180,3.528180,128,36.279325
fifo_w0,route1,fifo,0,82,83,I,fifo_83,0.000,20,20,0,0,3.319317,3.319317,128,38.562148
fifo_w0,route1,fifo,0,83,84,I,fifo_84,0.000,20,20,0,0,3.317276,3.317276,128,38.585874
fifo_w0,route1,fifo,0,84,85,I,fifo_85,0.000,20,20,0,0,3.321942,3.321942,128,38.531674
fifo_w0,route1,fifo,0,85,86,I,fifo_86,0.000,20,20,0,0,3.319140,3.319140,128,38.564204
fifo_w0,route1,fifo,0,86,87,I,fifo_87,0.000,20,20,0,0,3.526264,3.526264,128,36.299042
fifo_w0,route1,fifo,0,87,88,I,fifo_88,0.000,23,23,0,0,3.732064,3.732064,128,34.297376
fifo_w0,route1,fifo,0,88,89,I,fifo_89,0.000,20,20,0,0,3.787021,3.787021,128,33.799653
fifo_w0,route1,fifo,0,89,90,I,fifo_90,0.000,21,21,0,0,3.752496,3.752496,128,34.110630
fifo_w0,route1,fifo,0,90,91,J,fifo_91,0.000,22,22,0,0,3.871747,3.871747,128,33.060014
fifo_w0,route1,fifo,0,91,92,J,fifo_92,0.000,22,22,0,0,4.054536,4.054536,128,31.569577
fifo_w0,route1,fifo,0,92,93,J,fifo_93,0.000,22,22,0,0,3.832691,3.832691,128,33.396901
fifo_w0,route1,fifo,0,93,94,J,fifo_94,0.000,22,22,0,0,3.946679,3.946679,128,32.432331
fifo_w0,route1,fifo,0,94,95,J,fifo_95,0.000,22,22,0,0,3.942088,3.942088,128,32.470099
fifo_w0,route1,fifo,0,95,96,J,fifo_96,0.000,20,20,0,0,3.957132,3.957132,128,32.346658
fifo_w0,route1,fifo,0,96,97,J,fifo_97,0.000,23,23,0,0,3.955425,3.955425,128,32.360623
fifo_w0,route1,fifo,0,97,98,J,fifo_98,0.000,22,22,0,0,3.956479,3.956479,128,32.352000
fifo_w0,route1,fifo,0,98,99,J,fifo_99,0.000,22,22,0,0,3.975551,3.975551,128,32.196795
fifo_w0,route1,fifo,0,99,100,J,fifo_100,0.000,20,20,0,0,4.021818,4.021818,128,31.826401
exact_w0,route1,exact,0,0,1,A,b06a510c1958fe8b,0.000,18,18,0,0,3.950748,3.950748,128,32.398929
exact_w0,route1,exact,0,1,7,A,b06a510c1958fe8b,0.000,18,18,18,1,3.955771,3.955771,128,32.357790
exact_w0,route1,exact,0,2,2,A,1c6250065172cfdc,0.000,21,21,0,0,3.943203,3.943203,128,32.460918
exact_w0,route1,exact,0,3,3,A,1c6250065172cfdc,0.000,21,21,21,1,3.956411,3.956411,128,32.352556
exact_w0,route1,exact,0,4,4,A,e162011be1dce903,0.000,23,23,0,0,3.983146,3.983146,128,32.135400
exact_w0,route1,exact,0,5,6,A,e162011be1dce903,0.000,23,23,23,1,3.651465,3.651465,128,35.054420
exact_w0,route1,exact,0,6,5,A,fb09a0c9919b5322,0.000,20,20,0,0,3.821937,3.821937,128,33.490872
exact_w0,route1,exact,0,7,8,A,fb09a0c9919b5322,0.000,20,20,20,1,3.969375,3.969375,128,32.246893
exact_w0,route1,exact,0,8,9,A,073002f85aa407ca,0.000,20,20,0,0,3.954674,3.954674,128,32.366766
exact_w0,route1,exact,0,9,10,A,1e55ab7725006f48,0.000,20,20,0,0,4.011437,4.011437,128,31.908764
exact_w0,route1,exact,0,10,11,B,66292adb5db61fa2,0.000,21,21,0,0,4.071234,4.071234,128,31.440100
exact_w0,route1,exact,0,11,20,B,66292adb5db61fa2,0.000,21,21,21,1,3.934725,3.934725,128,32.530860
exact_w0,route1,exact,0,12,12,B,2a4a444d90f3e26d,0.000,21,21,0,0,3.314821,3.314821,128,38.614448
exact_w0,route1,exact,0,13,17,B,2a4a444d90f3e26d,0.000,21,21,21,1,4.025706,4.025706,128,31.795664
exact_w0,route1,exact,0,14,18,B,2a4a444d90f3e26d,0.000,21,21,21,1,3.889796,3.889796,128,32.906613
exact_w0,route1,exact,0,15,13,B,c1675015c82de154,0.000,19,19,0,0,3.654655,3.654655,128,35.023827
exact_w0,route1,exact,0,16,14,B,c1675015c82de154,0.000,19,19,19,1,3.727749,3.727749,128,34.337074
exact_w0,route1,exact,0,17,15,B,451b91b27e59a255,0.000,21,21,0,0,3.737172,3.737172,128,34.250499
exact_w0,route1,exact,0,18,16,B,451b91b27e59a255,0.000,21,21,21,1,3.523041,3.523041,128,36.332252
exact_w0,route1,exact,0,19,19,B,ffa9ed792f5d1ac0,0.000,21,21,0,0,3.312931,3.312931,128,38.636487
exact_w0,route1,exact,0,20,21,C,785deb470ab3116f,0.000,24,24,0,0,3.632214,3.632214,128,35.240218
exact_w0,route1,exact,0,21,26,C,785deb470ab3116f,0.000,24,24,24,1,3.727682,3.727682,128,34.337696
exact_w0,route1,exact,0,22,28,C,785deb470ab3116f,0.000,24,24,24,1,3.736833,3.736833,128,34.253603
exact_w0,route1,exact,0,23,22,C,436bc8cc2e2ac5b6,0.000,23,23,0,0,3.769792,3.769792,128,33.954126
exact_w0,route1,exact,0,24,23,C,ab49e669c0c0bef5,0.000,24,24,0,0,3.766427,3.766427,128,33.984467
exact_w0,route1,exact,0,25,24,C,a0a5c84db5910328,0.000,23,23,0,0,3.767082,3.767082,128,33.978554
exact_w0,route1,exact,0,26,25,C,f24036c88021bd62,0.000,21,21,0,0,3.764478,3.764478,128,34.002061
exact_w0,route1,exact,0,27,30,C,f24036c88021bd62,0.000,21,21,21,1,3.766828,3.766828,128,33.980850
exact_w0,route1,exact,0,28,27,C,905f0043177424b9,0.000,23,23,0,0,3.483935,3.483935,128,36.740067
exact_w0,route1,exact,0,29,29,C,c3848bf38708aed2,0.000,23,23,0,0,3.319201,3.319201,128,38.563499
exact_w0,route1,exact,0,30,31,D,3517700e439eeef4,0.000,22,22,0,0,3.311045,3.311045,128,38.658495
exact_w0,route1,exact,0,31,38,D,3517700e439eeef4,0.000,22,22,22,1,3.312742,3.312742,128,38.638690
exact_w0,route1,exact,0,32,32,D,2325d9afb662ea0e,0.000,23,23,0,0,3.315291,3.315291,128,38.608978
exact_w0,route1,exact,0,33,33,D,0252a80c4ddf7947,0.000,22,22,0,0,3.405940,3.405940,121,35.526166
exact_w0,route1,exact,0,34,36,D,0252a80c4ddf7947,0.000,22,22,22,1,3.543739,3.543739,121,34.144731
exact_w0,route1,exact,0,35,34,D,d1e68c91a9afcd98,0.000,20,20,0,0,3.792534,3.792534,128,33.750525
exact_w0,route1,exact,0,36,40,D,d1e68c91a9afcd98,0.000,20,20,20,1,3.756273,3.756273,128,34.076328
exact_w0,route1,exact,0,37,35,D,63be4cec68695286,0.000,22,22,0,0,3.866993,3.866993,128,33.100651
exact_w0,route1,exact,0,38,37,D,61be32de16c63dca,0.000,25,24,0,0,4.050570,4.050570,128,31.600491
exact_w0,route1,exact,0,39,39,D,9976548721ee3c9f,0.000,22,22,0,0,3.818206,3.818206,128,33.523597
exact_w0,route1,exact,0,40,41,E,2cd5d7524d9bd1fc,0.000,20,20,0,0,3.916024,3.916024,128,32.686212
exact_w0,route1,exact,0,41,44,E,2cd5d7524d9bd1fc,0.000,20,20,20,1,3.926195,3.926195,128,32.601536
exact_w0,route1,exact,0,42,42,E,ce690f6a1c45db9b,0.000,18,18,0,0,3.918207,3.918207,128,32.668006
exact_w0,route1,exact,0,43,43,E,ce690f6a1c45db9b,0.000,18,18,18,1,3.913532,3.913532,128,32.707028
exact_w0,route1,exact,0,44,45,E,249de3f68c1141fd,0.000,21,21,0,0,3.924117,3.924117,128,32.618800
exact_w0,route1,exact,0,45,46,E,6dbc20a0e5ce6646,0.000,21,21,0,0,3.939687,3.939687,128,32.489892
exact_w0,route1,exact,0,46,49,E,6dbc20a0e5ce6646,0.000,21,21,21,1,3.894716,3.894716,128,32.865044
exact_w0,route1,exact,0,47,47,E,9e3949d579a5dab0,0.000,20,20,0,0,3.918573,3.918573,128,32.664954
exact_w0,route1,exact,0,48,48,E,74399c324918e73a,0.000,20,20,0,0,3.904717,3.904717,128,32.780863
exact_w0,route1,exact,0,49,50,E,9f82d44236ab0891,0.000,23,23,0,0,3.919721,3.919721,128,32.655389
exact_w0,route1,exact,0,50,51,F,a756407aedb13cb0,0.000,20,20,0,0,3.909499,3.909499,128,32.740766
exact_w0,route1,exact,0,51,57,F,a756407aedb13cb0,0.000,20,20,20,1,3.945480,3.945480,128,32.442185
exact_w0,route1,exact,0,52,58,F,a756407aedb13cb0,0.000,20,20,20,1,3.787287,3.787287,128,33.797283
exact_w0,route1,exact,0,53,52,F,e0a123ca215f9da9,0.000,20,20,0,0,3.756556,3.756556,128,34.073760
exact_w0,route1,exact,0,54,53,F,3f9d06faac784018,0.000,20,20,0,0,3.904207,3.904207,128,32.785149
exact_w0,route1,exact,0,55,54,F,3f9d06faac784018,0.000,20,20,20,1,3.977345,3.977345,128,32.182274
exact_w0,route1,exact,0,56,55,F,3f9d06faac784018,0.000,20,20,20,1,3.971974,3.971974,128,32.225792
exact_w0,route1,exact,0,57,60,F,3f9d06faac784018,0.000,20,20,20,1,3.985417,3.985417,128,32.117093
exact_w0,route1,exact,0,58,56,F,e9133f1bd72d210c,0.000,21,21,0,0,4.101822,4.101822,128,31.205644
exact_w0,route1,exact,0,59,59,F,d37e1c0fdaa9d8dd,0.000,20,20,0,0,3.557036,3.557036,128,35.985015
exact_w0,route1,exact,0,60,61,G,2ab42a8e55b9e0fa,0.000,24,24,0,0,3.396977,3.396977,128,37.680559
exact_w0,route1,exact,0,61,62,G,8cbb1de94aa0495a,0.000,21,21,0,0,0.306339,0.306339,9,29.379248
exact_w0,route1,exact,0,62,63,G,2a5b7f74929b0fe4,0.000,21,21,0,0,4.239160,4.239160,128,30.194662
exact_w0,route1,exact,0,63,64,G,013ccebdaf96adbc,0.000,21,21,0,0,3.674216,3.674216,128,34.837365
exact_w0,route1,exact,0,64,65,G,013ccebdaf96adbc,0.000,21,21,21,1,3.713926,3.713926,128,34.464879
exact_w0,route1,exact,0,65,66,G,7f58f3cd76c16dd7,0.000,22,22,0,0,3.739477,3.739477,128,34.229390
exact_w0,route1,exact,0,66,67,G,7f58f3cd76c16dd7,0.000,22,22,22,1,3.737931,3.737931,128,34.243541
exact_w0,route1,exact,0,67,68,G,e9a01fc97466b320,0.000,21,21,0,0,0.316255,0.316255,11,34.782024
exact_w0,route1,exact,0,68,69,G,87f551eac2921c70,0.000,21,21,0,0,3.314841,3.314841,128,38.614222
exact_w0,route1,exact,0,69,70,G,f2da6e4ff17223f6,0.000,21,21,0,0,3.506551,3.506551,128,36.503109
exact_w0,route1,exact,0,70,71,H,f17b915398639bd9,0.000,20,20,0,0,3.722921,3.722921,128,34.381608
exact_w0,route1,exact,0,71,75,H,f17b915398639bd9,0.000,20,20,20,1,3.750658,3.750658,128,34.127346
exact_w0,route1,exact,0,72,72,H,469572910a814a88,0.000,19,19,0,0,3.744947,3.744947,128,34.179385
exact_w0,route1,exact,0,73,73,H,469572910a814a88,0.000,19,19,19,1,3.757327,3.757327,128,34.066776
exact_w0,route1,exact,0,74,74,H,a8cddc6e78110290,0.000,22,22,0,0,3.773488,3.773488,128,33.920870
exact_w0,route1,exact,0,75,76,H,a8cddc6e78110290,0.000,22,22,22,1,3.784407,3.784407,128,33.823001
exact_w0,route1,exact,0,76,77,H,1f4d5db08ebad26a,0.000,20,20,0,0,3.776127,3.776127,128,33.897163
exact_w0,route1,exact,0,77,78,H,364c96fe727492ea,0.000,19,19,0,0,3.619185,3.619185,128,35.367082
exact_w0,route1,exact,0,78,79,H,9d1462fa5c8d3ddb,0.000,17,17,0,0,3.337926,3.337926,128,38.347170
exact_w0,route1,exact,0,79,80,H,740793db3d014c9d,0.000,19,19,0,0,3.317581,3.317581,128,38.582330
exact_w0,route1,exact,0,80,81,I,5a76d581b44f04ce,0.000,23,23,0,0,3.350564,3.350564,128,38.202528
exact_w0,route1,exact,0,81,88,I,5a76d581b44f04ce,0.000,23,23,23,1,3.334001,3.334001,128,38.392307
exact_w0,route1,exact,0,82,82,I,00c771936fc4bece,0.000,21,21,0,0,3.456806,3.456806,128,37.028401
exact_w0,route1,exact,0,83,90,I,00c771936fc4bece,0.000,21,21,21,1,3.786828,3.786828,128,33.801380
exact_w0,route1,exact,0,84,83,I,d8d8f0d8ec0882ee,0.000,20,20,0,0,3.746257,3.746257,128,34.167440
exact_w0,route1,exact,0,85,87,I,d8d8f0d8ec0882ee,0.000,20,20,20,1,3.766177,3.766177,128,33.986718
exact_w0,route1,exact,0,86,84,I,7c4112902ffef09b,0.000,20,20,0,0,3.788478,3.788478,128,33.786652
exact_w0,route1,exact,0,87,85,I,7c4112902ffef09b,0.000,20,20,20,1,4.127402,4.127402,128,31.012245
exact_w0,route1,exact,0,88,86,I,fd7482c7de334fc1,0.000,20,20,0,0,3.796933,3.796933,128,33.711423
exact_w0,route1,exact,0,89,89,I,0b13917a23bc6216,0.000,20,20,0,0,3.934980,3.934980,128,32.528757
exact_w0,route1,exact,0,90,91,J,9a629be51d60b7ec,0.000,22,22,0,0,3.942829,3.942829,128,32.464002
exact_w0,route1,exact,0,91,92,J,e934e5c30fae1384,0.000,22,22,0,0,3.929166,3.929166,128,32.576887
exact_w0,route1,exact,0,92,98,J,e934e5c30fae1384,0.000,22,22,22,1,3.933150,3.933150,128,32.543888
exact_w0,route1,exact,0,93,93,J,5c4da976958e1ddf,0.000,22,22,0,0,3.932855,3.932855,128,32.546328
exact_w0,route1,exact,0,94,95,J,5c4da976958e1ddf,0.000,22,22,22,1,3.943161,3.943161,128,32.461264
exact_w0,route1,exact,0,95,99,J,5c4da976958e1ddf,0.000,22,22,22,1,3.949020,3.949020,128,32.413103
exact_w0,route1,exact,0,96,94,J,1cb2f43b772ddd4b,0.000,22,22,0,0,3.935136,3.935136,128,32.527469
exact_w0,route1,exact,0,97,96,J,5045df4b5cdb934d,0.000,20,20,0,0,3.935959,3.935959,128,32.520663
exact_w0,route1,exact,0,98,100,J,5045df4b5cdb934d,0.000,20,20,20,1,3.935874,3.935874,128,32.521367
exact_w0,route1,exact,0,99,97,J,89255f4041c2c26a,0.000,23,23,0,0,3.940239,3.940239,128,32.485337
similarity_w0,route1,similarity,0,0,1,A,sim_000,0.000,18,18,0,0,3.968713,3.968713,128,32.252267
similarity_w0,route1,similarity,0,1,7,A,sim_000,0.000,18,18,18,1,3.746938,3.746938,128,34.161223
similarity_w0,route1,similarity,0,2,2,A,sim_001,0.000,21,21,0,0,3.770199,3.770199,128,33.950459
similarity_w0,route1,similarity,0,3,3,A,sim_001,0.000,21,21,21,1,3.925915,3.925915,128,32.603868
similarity_w0,route1,similarity,0,4,4,A,sim_002,0.000,23,23,0,0,3.985848,3.985848,128,32.113621
similarity_w0,route1,similarity,0,5,6,A,sim_002,0.000,23,23,23,1,3.970391,3.970391,128,32.238642
similarity_w0,route1,similarity,0,6,5,A,sim_003,0.000,20,20,0,0,4.034001,4.034001,128,31.730283
similarity_w0,route1,similarity,0,7,8,A,sim_003,0.000,20,20,20,1,4.096303,4.096303,128,31.247692
similarity_w0,route1,similarity,0,8,9,A,sim_004,0.000,20,20,0,0,3.437266,3.437266,128,37.238903
similarity_w0,route1,similarity,0,9,10,A,sim_005,0.000,20,20,0,0,3.453827,3.453827,128,37.060337
similarity_w0,route1,similarity,0,10,11,B,sim_006,0.000,21,21,0,0,4.232358,4.232358,128,30.243190
similarity_w0,route1,similarity,0,11,20,B,sim_006,0.000,21,21,21,1,3.690807,3.690807,128,34.680763
similarity_w0,route1,similarity,0,12,12,B,sim_007,0.000,21,21,0,0,3.696923,3.696923,128,34.623392
similarity_w0,route1,similarity,0,13,17,B,sim_007,0.000,21,21,21,1,3.721116,3.721116,128,34.398282
similarity_w0,route1,similarity,0,14,18,B,sim_007,0.000,21,21,21,1,3.728447,3.728447,128,34.330646
similarity_w0,route1,similarity,0,15,13,B,sim_008,0.000,19,19,0,0,3.363261,3.363261,128,38.058302
similarity_w0,route1,similarity,0,16,14,B,sim_008,0.000,19,19,19,1,3.393967,3.393967,128,37.713983
similarity_w0,route1,similarity,0,17,15,B,sim_009,0.000,21,21,0,0,3.716799,3.716799,128,34.438237
similarity_w0,route1,similarity,0,18,16,B,sim_009,0.000,21,21,21,1,3.713398,3.713398,128,34.469774
similarity_w0,route1,similarity,0,19,19,B,sim_010,0.000,21,21,0,0,3.728600,3.728600,128,34.329239
similarity_w0,route1,similarity,0,20,21,C,sim_011,0.000,24,24,0,0,3.743288,3.743288,128,34.194534
similarity_w0,route1,similarity,0,21,26,C,sim_011,0.000,24,24,24,1,3.741710,3.741710,128,34.208961
similarity_w0,route1,similarity,0,22,28,C,sim_011,0.000,24,24,24,1,3.751265,3.751265,128,34.121822
similarity_w0,route1,similarity,0,23,22,C,sim_012,0.000,23,23,0,0,3.752683,3.752683,128,34.108930
similarity_w0,route1,similarity,0,24,23,C,sim_013,0.000,24,24,0,0,3.736061,3.736061,128,34.260680
similarity_w0,route1,similarity,0,25,24,C,sim_014,0.000,23,23,0,0,3.327552,3.327552,128,38.466711
similarity_w0,route1,similarity,0,26,25,C,sim_015,0.000,21,21,0,0,3.299988,3.299988,128,38.788017
similarity_w0,route1,similarity,0,27,29,C,sim_015,0.000,23,23,23,1,3.293370,3.293370,128,38.865959
similarity_w0,route1,similarity,0,28,30,C,sim_015,0.000,21,21,21,1,3.285678,3.285678,128,38.956947
similarity_w0,route1,similarity,0,29,27,C,sim_016,0.000,23,23,0,0,3.322420,3.322420,128,38.526131
similarity_w0,route1,similarity,0,30,31,D,sim_017,0.000,22,22,0,0,3.713825,3.713825,128,34.465816
similarity_w0,route1,similarity,0,31,38,D,sim_017,0.000,22,22,22,1,3.677149,3.677149,128,34.809577
similarity_w0,route1,similarity,0,32,32,D,sim_018,0.000,23,23,0,0,3.741184,3.741184,128,34.213771
similarity_w0,route1,similarity,0,33,33,D,sim_019,0.000,22,22,0,0,3.469242,3.469242,121,34.877939
similarity_w0,route1,similarity,0,34,36,D,sim_019,0.000,22,22,22,1,3.923430,3.923430,121,30.840363
similarity_w0,route1,similarity,0,35,34,D,sim_020,0.000,20,20,0,0,3.802270,3.802270,128,33.664105
similarity_w0,route1,similarity,0,36,39,D,sim_020,0.000,22,22,22,1,3.822370,3.822370,128,33.487074
similarity_w0,route1,similarity,0,37,40,D,sim_020,0.000,20,20,20,1,3.896655,3.896655,128,32.848684
similarity_w0,route1,similarity,0,38,35,D,sim_021,0.000,22,22,0,0,3.884368,3.884368,128,32.952598
similarity_w0,route1,similarity,0,39,37,D,sim_022,0.000,25,24,0,0,3.889902,3.889902,128,32.905715
similarity_w0,route1,similarity,0,40,41,E,sim_023,0.000,20,20,0,0,3.875070,3.875070,128,33.031657
similarity_w0,route1,similarity,0,41,44,E,sim_023,0.000,20,20,20,1,3.876435,3.876435,128,33.020027
similarity_w0,route1,similarity,0,42,42,E,sim_024,0.000,18,18,0,0,3.884705,3.884705,128,32.949735
similarity_w0,route1,similarity,0,43,43,E,sim_024,0.000,18,18,18,1,3.883744,3.883744,128,32.957885
similarity_w0,route1,similarity,0,44,45,E,sim_025,0.000,21,21,0,0,3.854014,3.854014,128,33.212130
similarity_w0,route1,similarity,0,45,46,E,sim_026,0.000,21,21,0,0,3.867619,3.867619,128,33.095295
similarity_w0,route1,similarity,0,46,49,E,sim_026,0.000,21,21,21,1,3.845614,3.845614,128,33.284673
similarity_w0,route1,similarity,0,47,47,E,sim_027,0.000,20,20,0,0,3.866608,3.866608,128,33.103950
similarity_w0,route1,similarity,0,48,48,E,sim_028,0.000,20,20,0,0,3.847937,3.847937,128,33.264575
similarity_w0,route1,similarity,0,49,50,E,sim_029,0.000,23,23,0,0,3.589308,3.589308,128,35.661468
similarity_w0,route1,similarity,0,50,51,F,sim_030,0.000,20,20,0,0,3.735447,3.735447,128,34.266316
similarity_w0,route1,similarity,0,51,57,F,sim_030,0.000,20,20,20,1,3.865894,3.865894,128,33.110069
similarity_w0,route1,similarity,0,52,58,F,sim_030,0.000,20,20,20,1,3.840878,3.840878,128,33.325711
similarity_w0,route1,similarity,0,53,52,F,sim_031,0.000,20,20,0,0,3.904802,3.904802,128,32.780149
similarity_w0,route1,similarity,0,54,53,F,sim_032,0.000,20,20,0,0,3.957566,3.957566,128,32.343109
similarity_w0,route1,similarity,0,55,54,F,sim_032,0.000,20,20,20,1,3.848943,3.848943,128,33.255887
similarity_w0,route1,similarity,0,56,55,F,sim_032,0.000,20,20,20,1,3.234707,3.234707,128,39.570812
similarity_w0,route1,similarity,0,57,60,F,sim_032,0.000,20,20,20,1,3.793776,3.793776,128,33.739474
similarity_w0,route1,similarity,0,58,56,F,sim_033,0.000,21,21,0,0,3.899502,3.899502,128,32.824706
similarity_w0,route1,similarity,0,59,59,F,sim_034,0.000,20,20,0,0,3.527832,3.527832,128,36.282904
similarity_w0,route1,similarity,0,60,61,G,sim_035,0.000,24,24,0,0,3.724118,3.724118,128,34.370554
similarity_w0,route1,similarity,0,61,62,G,sim_036,0.000,21,21,0,0,0.290883,0.290883,9,30.940235
similarity_w0,route1,similarity,0,62,63,G,sim_037,0.000,21,21,0,0,3.646798,3.646798,128,35.099289
similarity_w0,route1,similarity,0,63,64,G,sim_038,0.000,21,21,0,0,3.503261,3.503261,128,36.537388
similarity_w0,route1,similarity,0,64,65,G,sim_038,0.000,21,21,21,1,3.233329,3.233329,128,39.587680
similarity_w0,route1,similarity,0,65,66,G,sim_039,0.000,22,22,0,0,3.428294,3.428294,128,37.336350
similarity_w0,route1,similarity,0,66,67,G,sim_039,0.000,22,22,22,1,3.634713,3.634713,128,35.215987
similarity_w0,route1,similarity,0,67,68,G,sim_040,0.000,21,21,0,0,0.346767,0.346767,11,31.721599
similarity_w0,route1,similarity,0,68,69,G,sim_041,0.000,21,21,0,0,3.658598,3.658598,128,34.986084
similarity_w0,route1,similarity,0,69,70,G,sim_042,0.000,21,21,0,0,3.655008,3.655008,128,35.020440
similarity_w0,route1,similarity,0,70,71,H,sim_043,0.000,20,20,0,0,3.660535,3.660535,128,34.967567
similarity_w0,route1,similarity,0,71,75,H,sim_043,0.000,20,20,20,1,3.666484,3.666484,128,34.910831
similarity_w0,route1,similarity,0,72,72,H,sim_044,0.000,19,19,0,0,3.665107,3.665107,128,34.923948
similarity_w0,route1,similarity,0,73,73,H,sim_044,0.000,19,19,19,1,3.645352,3.645352,128,35.113210
similarity_w0,route1,similarity,0,74,74,H,sim_045,0.000,22,22,0,0,3.518730,3.518730,128,36.376757
similarity_w0,route1,similarity,0,75,76,H,sim_045,0.000,22,22,22,1,3.218858,3.218858,128,39.765651
similarity_w0,route1,similarity,0,76,77,H,sim_046,0.000,20,20,0,0,3.245143,3.245143,128,39.443567
similarity_w0,route1,similarity,0,77,78,H,sim_047,0.000,19,19,0,0,3.219860,3.219860,128,39.753284
similarity_w0,route1,similarity,0,78,79,H,sim_048,0.000,17,17,0,0,3.224363,3.224363,128,39.697767
similarity_w0,route1,similarity,0,79,80,H,sim_049,0.000,19,19,0,0,3.270160,3.270160,128,39.141813
similarity_w0,route1,similarity,0,80,81,I,sim_050,0.000,23,23,0,0,3.661607,3.661607,128,34.957333
similarity_w0,route1,similarity,0,81,88,I,sim_050,0.000,23,23,23,1,3.613631,3.613631,128,35.421436
similarity_w0,route1,similarity,0,82,82,I,sim_051,0.000,21,21,0,0,3.669838,3.669838,128,34.878925
similarity_w0,route1,similarity,0,83,90,I,sim_051,0.000,21,21,21,1,3.558580,3.558580,128,35.969399
similarity_w0,route1,similarity,0,84,83,I,sim_052,0.000,20,20,0,0,4.099521,4.099521,128,31.223158
similarity_w0,route1,similarity,0,85,87,I,sim_052,0.000,20,20,20,1,3.667391,3.667391,128,34.902200
similarity_w0,route1,similarity,0,86,84,I,sim_053,0.000,20,20,0,0,3.752313,3.752313,128,34.112295
similarity_w0,route1,similarity,0,87,85,I,sim_053,0.000,20,20,20,1,3.833687,3.833687,128,33.388222
similarity_w0,route1,similarity,0,88,86,I,sim_054,0.000,20,20,0,0,3.811788,3.811788,128,33.580042
similarity_w0,route1,similarity,0,89,89,I,sim_055,0.000,20,20,0,0,3.818275,3.818275,128,33.522995
similarity_w0,route1,similarity,0,90,91,J,sim_056,0.000,22,22,0,0,3.793029,3.793029,128,33.746115
similarity_w0,route1,similarity,0,91,92,J,sim_057,0.000,22,22,0,0,3.820177,3.820177,128,33.506297
similarity_w0,route1,similarity,0,92,96,J,sim_057,0.000,20,20,20,1,3.846489,3.846489,128,33.277098
similarity_w0,route1,similarity,0,93,98,J,sim_057,0.000,22,22,22,1,3.838994,3.838994,128,33.342070
similarity_w0,route1,similarity,0,94,100,J,sim_057,0.000,20,20,20,1,3.798617,3.798617,128,33.696476
similarity_w0,route1,similarity,0,95,93,J,sim_058,0.000,22,22,0,0,3.818824,3.818824,128,33.518173
similarity_w0,route1,similarity,0,96,95,J,sim_058,0.000,22,22,22,1,3.801848,3.801848,128,33.667837
similarity_w0,route1,similarity,0,97,99,J,sim_058,0.000,22,22,22,1,3.832847,3.832847,128,33.395545
similarity_w0,route1,similarity,0,98,94,J,sim_059,0.000,22,22,0,0,3.841496,3.841496,128,33.320349
similarity_w0,route1,similarity,0,99,97,J,sim_060,0.000,23,23,0,0,3.535098,3.535098,128,36.208333
similarity_window_50ms,route2,similarity,50,0,1,A,sim_000,50.000,18,18,0,0,3.676388,3.726388,128,34.349621
similarity_window_50ms,route2,similarity,50,1,7,A,sim_000,20.000,18,18,18,1,3.811889,3.831889,128,33.403889
similarity_window_50ms,route2,similarity,50,2,2,A,sim_001,45.000,21,21,0,0,3.860460,3.905460,128,32.774625
similarity_window_50ms,route2,similarity,50,3,3,A,sim_001,40.000,21,21,21,1,3.828156,3.868156,128,33.090704
similarity_window_50ms,route2,similarity,50,4,4,A,sim_002,35.000,23,23,0,0,3.910787,3.945787,128,32.439661
similarity_window_50ms,route2,similarity,50,5,6,A,sim_002,25.000,23,23,23,1,3.959352,3.984352,128,32.125678
similarity_window_50ms,route2,similarity,50,6,5,A,sim_003,30.000,20,20,0,0,3.209941,3.239941,128,39.506894
similarity_window_50ms,route2,similarity,50,7,8,A,sim_003,15.000,20,20,20,1,3.302238,3.317238,128,38.586313
similarity_window_50ms,route2,similarity,50,8,9,A,sim_004,10.000,20,20,0,0,4.088007,4.098007,128,31.234693
similarity_window_50ms,route2,similarity,50,9,10,A,sim_005,5.000,20,20,0,0,3.583779,3.588779,128,35.666729
similarity_window_50ms,route2,similarity,50,10,11,B,sim_006,0.000,21,21,0,0,3.535972,3.535972,128,36.199378
similarity_window_50ms,route2,similarity,50,11,12,B,sim_007,50.000,21,21,0,0,3.580120,3.630120,128,35.260545
similarity_window_50ms,route2,similarity,50,12,17,B,sim_007,25.000,21,21,21,1,3.593430,3.618430,128,35.374460
similarity_window_50ms,route2,similarity,50,13,18,B,sim_007,20.000,21,21,21,1,3.320422,3.340422,128,38.318507
similarity_window_50ms,route2,similarity,50,14,13,B,sim_008,45.000,19,19,0,0,3.187235,3.232235,128,39.601084
similarity_window_50ms,route2,similarity,50,15,14,B,sim_008,40.000,19,19,19,1,3.536404,3.576404,128,35.790136
similarity_window_50ms,route2,similarity,50,16,15,B,sim_009,35.000,21,21,0,0,3.574543,3.609543,128,35.461553
similarity_window_50ms,route2,similarity,50,17,16,B,sim_009,30.000,21,21,21,1,3.615061,3.645061,128,35.116008
similarity_window_50ms,route2,similarity,50,18,19,B,sim_010,15.000,21,21,0,0,3.612983,3.627983,128,35.281315
similarity_window_50ms,route2,similarity,50,19,20,B,sim_006,10.000,21,21,21,1,3.605905,3.615905,128,35.399158
similarity_window_50ms,route2,similarity,50,20,21,C,sim_011,5.000,24,24,0,0,3.615733,3.620733,128,35.351958
similarity_window_50ms,route2,similarity,50,21,22,C,sim_012,0.000,23,23,0,0,3.606675,3.606675,128,35.489747
similarity_window_50ms,route2,similarity,50,22,23,C,sim_013,50.000,24,24,0,0,3.615214,3.665214,128,34.922924
similarity_window_50ms,route2,similarity,50,23,24,C,sim_014,45.000,23,23,0,0,3.411469,3.456469,128,37.032016
similarity_window_50ms,route2,similarity,50,24,25,C,sim_015,40.000,21,21,0,0,3.196900,3.236900,128,39.544004
similarity_window_50ms,route2,similarity,50,25,29,C,sim_015,20.000,23,23,23,1,3.190256,3.210256,128,39.872204
similarity_window_50ms,route2,similarity,50,26,30,C,sim_015,15.000,21,21,21,1,3.217242,3.232242,128,39.600995
similarity_window_50ms,route2,similarity,50,27,26,C,sim_011,35.000,24,24,24,1,3.188943,3.223943,128,39.702931
similarity_window_50ms,route2,similarity,50,28,28,C,sim_011,25.000,24,24,24,1,3.278555,3.303555,128,38.746134
similarity_window_50ms,route2,similarity,50,29,27,C,sim_016,30.000,23,23,0,0,3.648075,3.678075,128,34.800811
similarity_window_50ms,route2,similarity,50,30,31,D,sim_017,10.000,22,22,0,0,3.573134,3.583134,128,35.722916
similarity_window_50ms,route2,similarity,50,31,32,D,sim_018,5.000,23,23,0,0,3.622328,3.627328,128,35.287682
similarity_window_50ms,route2,similarity,50,32,33,D,sim_019,0.000,22,22,0,0,3.351312,3.351312,121,36.105258
similarity_window_50ms,route2,similarity,50,33,34,D,sim_020,50.000,20,20,0,0,4.086691,4.136691,128,30.942604
similarity_window_50ms,route2,similarity,50,34,39,D,sim_020,25.000,22,22,22,1,3.614281,3.639281,128,35.171778
similarity_window_50ms,route2,similarity,50,35,40,D,sim_020,20.000,20,20,20,1,3.722616,3.742616,128,34.200676
similarity_window_50ms,route2,similarity,50,36,35,D,sim_021,45.000,22,22,0,0,3.792512,3.837512,128,33.354941
similarity_window_50ms,route2,similarity,50,37,36,D,sim_019,40.000,22,22,22,1,3.616464,3.656464,121,33.092076
similarity_window_50ms,route2,similarity,50,38,37,D,sim_022,35.000,25,24,0,0,3.779925,3.814925,128,33.552427
similarity_window_50ms,route2,similarity,50,39,38,D,sim_017,30.000,22,22,22,1,3.782198,3.812198,128,33.576431
similarity_window_50ms,route2,similarity,50,40,41,E,sim_023,15.000,20,20,0,0,3.798200,3.813200,128,33.567608
similarity_window_50ms,route2,similarity,50,41,44,E,sim_023,0.000,20,20,20,1,3.789774,3.789774,128,33.775099
similarity_window_50ms,route2,similarity,50,42,42,E,sim_024,10.000,18,18,0,0,3.776032,3.786032,128,33.808481
similarity_window_50ms,route2,similarity,50,43,43,E,sim_024,5.000,18,18,18,1,3.774600,3.779600,128,33.866017
similarity_window_50ms,route2,similarity,50,44,45,E,sim_025,50.000,21,21,0,0,3.780282,3.830282,128,33.417909
similarity_window_50ms,route2,similarity,50,45,46,E,sim_026,45.000,21,21,0,0,3.821589,3.866589,128,33.104111
similarity_window_50ms,route2,similarity,50,46,49,E,sim_026,30.000,21,21,21,1,3.776156,3.806156,128,33.629732
similarity_window_50ms,route2,similarity,50,47,47,E,sim_027,40.000,20,20,0,0,3.834127,3.874127,128,33.039704
similarity_window_50ms,route2,similarity,50,48,48,E,sim_028,35.000,20,20,0,0,3.512166,3.547166,128,36.085150
similarity_window_50ms,route2,similarity,50,49,50,E,sim_029,25.000,23,23,0,0,3.650452,3.675452,128,34.825646
similarity_window_50ms,route2,similarity,50,50,51,F,sim_030,20.000,20,20,0,0,3.785745,3.805745,128,33.633366
similarity_window_50ms,route2,similarity,50,51,52,F,sim_031,15.000,20,20,0,0,3.802688,3.817688,128,33.528142
similarity_window_50ms,route2,similarity,50,52,53,F,sim_032,10.000,20,20,0,0,3.825364,3.835364,128,33.373622
similarity_window_50ms,route2,similarity,50,53,54,F,sim_032,5.000,20,20,20,1,3.849195,3.854195,128,33.210563
similarity_window_50ms,route2,similarity,50,54,55,F,sim_032,0.000,20,20,20,1,3.912524,3.912524,128,32.715451
similarity_window_50ms,route2,similarity,50,55,56,F,sim_033,50.000,21,21,0,0,3.347756,3.397756,128,37.671927
similarity_window_50ms,route2,similarity,50,56,57,F,sim_030,45.000,20,20,20,1,3.164516,3.209516,128,39.881397
similarity_window_50ms,route2,similarity,50,57,58,F,sim_030,40.000,20,20,20,1,3.946579,3.986579,128,32.107728
similarity_window_50ms,route2,similarity,50,58,59,F,sim_034,35.000,20,20,0,0,3.671050,3.706050,128,34.538116
similarity_window_50ms,route2,similarity,50,59,60,F,sim_032,30.000,20,20,20,1,3.491613,3.521613,128,36.346984
similarity_window_50ms,route2,similarity,50,60,61,G,sim_035,25.000,24,24,0,0,3.546560,3.571560,128,35.838684
similarity_window_50ms,route2,similarity,50,61,62,G,sim_036,20.000,21,21,0,0,0.285541,0.305541,9,29.455932
similarity_window_50ms,route2,similarity,50,62,63,G,sim_037,15.000,21,21,0,0,3.580072,3.595072,128,35.604297
similarity_window_50ms,route2,similarity,50,63,64,G,sim_038,10.000,21,21,0,0,3.400292,3.410292,128,37.533446
similarity_window_50ms,route2,similarity,50,64,65,G,sim_038,5.000,21,21,21,1,3.167571,3.172571,128,40.345832
similarity_window_50ms,route2,similarity,50,65,66,G,sim_039,0.000,22,22,0,0,3.376103,3.376103,128,37.913532
similarity_window_50ms,route2,similarity,50,66,67,G,sim_039,50.000,22,22,22,1,3.532915,3.582915,128,35.725099
similarity_window_50ms,route2,similarity,50,67,68,G,sim_040,45.000,21,21,0,0,0.337578,0.382578,11,28.752306
similarity_window_50ms,route2,similarity,50,68,69,G,sim_041,40.000,21,21,0,0,3.552670,3.592670,128,35.628095
similarity_window_50ms,route2,similarity,50,69,70,G,sim_042,35.000,21,21,0,0,3.579605,3.614605,128,35.411887
similarity_window_50ms,route2,similarity,50,70,71,H,sim_043,30.000,20,20,0,0,3.580115,3.610115,128,35.455937
similarity_window_50ms,route2,similarity,50,71,75,H,sim_043,10.000,20,20,20,1,3.583684,3.593684,128,35.618042
similarity_window_50ms,route2,similarity,50,72,72,H,sim_044,25.000,19,19,0,0,3.592449,3.617449,128,35.384056
similarity_window_50ms,route2,similarity,50,73,73,H,sim_044,20.000,19,19,19,1,3.592702,3.612702,128,35.430548
similarity_window_50ms,route2,similarity,50,74,74,H,sim_045,15.000,22,22,0,0,3.504048,3.519048,128,36.373472
similarity_window_50ms,route2,similarity,50,75,76,H,sim_045,5.000,22,22,22,1,3.150180,3.155180,128,40.568210
similarity_window_50ms,route2,similarity,50,76,77,H,sim_046,0.000,20,20,0,0,3.154337,3.154337,128,40.579048
similarity_window_50ms,route2,similarity,50,77,78,H,sim_047,50.000,19,19,0,0,3.158917,3.208917,128,39.888848
similarity_window_50ms,route2,similarity,50,78,79,H,sim_048,45.000,17,17,0,0,3.174902,3.219902,128,39.752759
similarity_window_50ms,route2,similarity,50,79,80,H,sim_049,40.000,19,19,0,0,3.161782,3.201782,128,39.977740
similarity_window_50ms,route2,similarity,50,80,81,I,sim_050,35.000,23,23,0,0,3.522684,3.557684,128,35.978467
similarity_window_50ms,route2,similarity,50,81,88,I,sim_050,0.000,23,23,23,1,3.531182,3.531182,128,36.248485
similarity_window_50ms,route2,similarity,50,82,82,I,sim_051,30.000,21,21,0,0,3.593078,3.623078,128,35.329076
similarity_window_50ms,route2,similarity,50,83,83,I,sim_052,25.000,20,20,0,0,3.544527,3.569527,128,35.859096
similarity_window_50ms,route2,similarity,50,84,87,I,sim_052,5.000,20,20,20,1,3.793130,3.798130,128,33.700793
similarity_window_50ms,route2,similarity,50,85,84,I,sim_053,20.000,20,20,0,0,3.778508,3.798508,128,33.697439
similarity_window_50ms,route2,similarity,50,86,85,I,sim_053,15.000,20,20,20,1,3.635801,3.650801,128,35.060803
similarity_window_50ms,route2,similarity,50,87,86,I,sim_054,10.000,20,20,0,0,3.746939,3.756939,128,34.070287
similarity_window_50ms,route2,similarity,50,88,89,I,sim_055,50.000,20,20,0,0,3.743985,3.793985,128,33.737611
similarity_window_50ms,route2,similarity,50,89,90,I,sim_051,45.000,21,21,21,1,3.747789,3.792789,128,33.748256
similarity_window_50ms,route2,similarity,50,90,91,J,sim_056,40.000,22,22,0,0,3.748110,3.788110,128,33.789937
similarity_window_50ms,route2,similarity,50,91,92,J,sim_057,35.000,22,22,0,0,3.740465,3.775465,128,33.903110
similarity_window_50ms,route2,similarity,50,92,96,J,sim_057,15.000,20,20,20,1,3.758375,3.773375,128,33.921890
similarity_window_50ms,route2,similarity,50,93,98,J,sim_057,5.000,22,22,22,1,3.752459,3.757459,128,34.065579
similarity_window_50ms,route2,similarity,50,94,93,J,sim_058,30.000,22,22,0,0,3.756995,3.786995,128,33.799891
similarity_window_50ms,route2,similarity,50,95,95,J,sim_058,20.000,22,22,22,1,3.740042,3.760042,128,34.042171
similarity_window_50ms,route2,similarity,50,96,99,J,sim_058,0.000,22,22,22,1,3.748368,3.748368,128,34.148192
similarity_window_50ms,route2,similarity,50,97,94,J,sim_059,25.000,22,22,0,0,3.736593,3.761593,128,34.028137
similarity_window_50ms,route2,similarity,50,98,97,J,sim_060,10.000,23,23,0,0,3.762088,3.772088,128,33.933458
similarity_window_50ms,route2,similarity,50,99,100,J,sim_057,50.000,20,20,20,1,3.637869,3.687869,128,34.708395
similarity_window_100ms,route2,similarity,100,0,1,A,sim_000,100.000,18,18,0,0,3.541555,3.641555,128,35.149822
similarity_window_100ms,route2,similarity,100,1,7,A,sim_000,70.000,18,18,18,1,3.667612,3.737612,128,34.246466
similarity_window_100ms,route2,similarity,100,2,2,A,sim_001,95.000,21,21,0,0,3.762106,3.857106,128,33.185505
similarity_window_100ms,route2,similarity,100,3,3,A,sim_001,90.000,21,21,21,1,3.766658,3.856658,128,33.189355
similarity_window_100ms,route2,similarity,100,4,4,A,sim_002,85.000,23,23,0,0,3.753520,3.838520,128,33.346189
similarity_window_100ms,route2,similarity,100,5,6,A,sim_002,75.000,23,23,23,1,3.875010,3.950010,128,32.404984
similarity_window_100ms,route2,similarity,100,6,5,A,sim_003,80.000,20,20,0,0,3.695198,3.775198,128,33.905508
similarity_window_100ms,route2,similarity,100,7,8,A,sim_003,65.000,20,20,20,1,3.159727,3.224727,128,39.693280
similarity_window_100ms,route2,similarity,100,8,9,A,sim_004,60.000,20,20,0,0,3.463142,3.523142,128,36.331209
similarity_window_100ms,route2,similarity,100,9,10,A,sim_005,55.000,20,20,0,0,3.962503,4.017503,128,31.860587
similarity_window_100ms,route2,similarity,100,10,11,B,sim_006,50.000,21,21,0,0,3.452365,3.502365,128,36.546733
similarity_window_100ms,route2,similarity,100,11,20,B,sim_006,5.000,21,21,21,1,3.531834,3.536834,128,36.190557
similarity_window_100ms,route2,similarity,100,12,12,B,sim_007,45.000,21,21,0,0,3.545345,3.590345,128,35.651166
similarity_window_100ms,route2,similarity,100,13,17,B,sim_007,20.000,21,21,21,1,3.557831,3.577831,128,35.775867
similarity_window_100ms,route2,similarity,100,14,18,B,sim_007,15.000,21,21,21,1,3.217722,3.232722,128,39.595116
similarity_window_100ms,route2,similarity,100,15,13,B,sim_008,40.000,19,19,0,0,3.162765,3.202765,128,39.965473
similarity_window_100ms,route2,similarity,100,16,14,B,sim_008,35.000,19,19,19,1,3.508174,3.543174,128,36.125805
similarity_window_100ms,route2,similarity,100,17,15,B,sim_009,30.000,21,21,0,0,3.534562,3.564562,128,35.909041
similarity_window_100ms,route2,similarity,100,18,16,B,sim_009,25.000,21,21,21,1,3.565407,3.590407,128,35.650555
similarity_window_100ms,route2,similarity,100,19,19,B,sim_010,10.000,21,21,0,0,3.568241,3.578241,128,35.771766
similarity_window_100ms,route2,similarity,100,20,21,C,sim_011,0.000,24,24,0,0,3.564492,3.564492,128,35.909749
similarity_window_100ms,route2,similarity,100,21,22,C,sim_012,100.000,23,23,0,0,3.568345,3.668345,128,34.893115
similarity_window_100ms,route2,similarity,100,22,23,C,sim_013,95.000,24,24,0,0,3.578492,3.673492,128,34.844226
similarity_window_100ms,route2,similarity,100,23,24,C,sim_014,90.000,23,23,0,0,3.580752,3.670752,128,34.870239
similarity_window_100ms,route2,similarity,100,24,25,C,sim_015,85.000,21,21,0,0,3.406486,3.491486,128,36.660608
similarity_window_100ms,route2,similarity,100,25,29,C,sim_015,65.000,23,23,23,1,3.154245,3.219245,128,39.760877
similarity_window_100ms,route2,similarity,100,26,30,C,sim_015,60.000,21,21,21,1,3.145108,3.205108,128,39.936246
similarity_window_100ms,route2,similarity,100,27,26,C,sim_011,80.000,24,24,24,1,3.150482,3.230482,128,39.622566
similarity_window_100ms,route2,similarity,100,28,28,C,sim_011,70.000,24,24,24,1,3.183536,3.253536,128,39.341811
similarity_window_100ms,route2,similarity,100,29,27,C,sim_016,75.000,23,23,0,0,3.202370,3.277370,128,39.055707
similarity_window_100ms,route2,similarity,100,30,31,D,sim_017,55.000,22,22,0,0,3.587715,3.642715,128,35.138627
similarity_window_100ms,route2,similarity,100,31,38,D,sim_017,20.000,22,22,22,1,3.592636,3.612636,128,35.431197
similarity_window_100ms,route2,similarity,100,32,32,D,sim_018,50.000,23,23,0,0,3.584048,3.634048,128,35.222426
similarity_window_100ms,route2,similarity,100,33,33,D,sim_019,45.000,22,22,0,0,3.320897,3.365897,121,35.948812
similarity_window_100ms,route2,similarity,100,34,36,D,sim_019,30.000,22,22,22,1,3.721968,3.751968,121,32.249746
similarity_window_100ms,route2,similarity,100,35,34,D,sim_020,40.000,20,20,0,0,3.693715,3.733715,128,34.282207
similarity_window_100ms,route2,similarity,100,36,39,D,sim_020,15.000,22,22,22,1,3.647865,3.662865,128,34.945321
similarity_window_100ms,route2,similarity,100,37,40,D,sim_020,10.000,20,20,20,1,3.726842,3.736842,128,34.253522
similarity_window_100ms,route2,similarity,100,38,35,D,sim_021,35.000,22,22,0,0,3.739465,3.774465,128,33.912092
similarity_window_100ms,route2,similarity,100,39,37,D,sim_022,25.000,25,24,0,0,3.735938,3.760938,128,34.034067
similarity_window_100ms,route2,similarity,100,40,41,E,sim_023,5.000,20,20,0,0,3.725425,3.730425,128,34.312440
similarity_window_100ms,route2,similarity,100,41,42,E,sim_024,0.000,18,18,0,0,3.735208,3.735208,128,34.268503
similarity_window_100ms,route2,similarity,100,42,43,E,sim_024,100.000,18,18,18,1,3.752637,3.852637,128,33.224000
similarity_window_100ms,route2,similarity,100,43,44,E,sim_023,95.000,20,20,20,1,3.724727,3.819727,128,33.510245
similarity_window_100ms,route2,similarity,100,44,45,E,sim_025,90.000,21,21,0,0,3.736989,3.826989,128,33.446656
similarity_window_100ms,route2,similarity,100,45,46,E,sim_026,85.000,21,21,0,0,3.721431,3.806431,128,33.627302
similarity_window_100ms,route2,similarity,100,46,49,E,sim_026,70.000,21,21,21,1,3.721533,3.791533,128,33.759429
similarity_window_100ms,route2,similarity,100,47,47,E,sim_027,80.000,20,20,0,0,3.727821,3.807821,128,33.615029
similarity_window_100ms,route2,similarity,100,48,48,E,sim_028,75.000,20,20,0,0,3.740993,3.815993,128,33.543035
similarity_window_100ms,route2,similarity,100,49,50,E,sim_029,65.000,23,23,0,0,3.565993,3.630993,128,35.252064
similarity_window_100ms,route2,similarity,100,50,51,F,sim_030,60.000,20,20,0,0,3.541158,3.601158,128,35.544117
similarity_window_100ms,route2,similarity,100,51,57,F,sim_030,30.000,20,20,20,1,3.646333,3.676333,128,34.817306
similarity_window_100ms,route2,similarity,100,52,58,F,sim_030,25.000,20,20,20,1,3.775864,3.800864,128,33.676557
similarity_window_100ms,route2,similarity,100,53,52,F,sim_031,55.000,20,20,0,0,3.735943,3.790943,128,33.764687
similarity_window_100ms,route2,similarity,100,54,53,F,sim_032,50.000,20,20,0,0,3.756310,3.806310,128,33.628372
similarity_window_100ms,route2,similarity,100,55,54,F,sim_032,45.000,20,20,20,1,3.847194,3.892194,128,32.886335
similarity_window_100ms,route2,similarity,100,56,55,F,sim_032,40.000,20,20,20,1,3.620771,3.660771,128,34.965313
similarity_window_100ms,route2,similarity,100,57,60,F,sim_032,15.000,20,20,20,1,3.141965,3.156965,128,40.545275
similarity_window_100ms,route2,similarity,100,58,56,F,sim_033,35.000,21,21,0,0,3.491502,3.526502,128,36.296593
similarity_window_100ms,route2,similarity,100,59,59,F,sim_034,20.000,20,20,0,0,3.939694,3.959694,128,32.325729
similarity_window_100ms,route2,similarity,100,60,61,G,sim_035,10.000,24,24,0,0,3.408478,3.418478,128,37.443569
similarity_window_100ms,route2,similarity,100,61,62,G,sim_036,5.000,21,21,0,0,0.274254,0.279254,9,32.228733
similarity_window_100ms,route2,similarity,100,62,63,G,sim_037,0.000,21,21,0,0,3.516245,3.516245,128,36.402471
similarity_window_100ms,route2,similarity,100,63,64,G,sim_038,100.000,21,21,0,0,3.521776,3.621776,128,35.341780
similarity_window_100ms,route2,similarity,100,64,65,G,sim_038,95.000,21,21,21,1,3.515631,3.610631,128,35.450867
similarity_window_100ms,route2,similarity,100,65,66,G,sim_039,90.000,22,22,0,0,3.160573,3.250573,128,39.377667
similarity_window_100ms,route2,similarity,100,66,67,G,sim_039,85.000,22,22,22,1,3.156599,3.241599,128,39.486687
similarity_window_100ms,route2,similarity,100,67,68,G,sim_040,80.000,21,21,0,0,0.324758,0.404758,11,27.176757
similarity_window_100ms,route2,similarity,100,68,69,G,sim_041,75.000,21,21,0,0,3.514253,3.589253,128,35.662018
similarity_window_100ms,route2,similarity,100,69,70,G,sim_042,70.000,21,21,0,0,3.518166,3.588166,128,35.672821
similarity_window_100ms,route2,similarity,100,70,71,H,sim_043,65.000,20,20,0,0,3.515240,3.580240,128,35.751792
similarity_window_100ms,route2,similarity,100,71,75,H,sim_043,45.000,20,20,20,1,3.531359,3.576359,128,35.790591
similarity_window_100ms,route2,similarity,100,72,72,H,sim_044,60.000,19,19,0,0,3.530004,3.590004,128,35.654559
similarity_window_100ms,route2,similarity,100,73,73,H,sim_044,55.000,19,19,19,1,3.546351,3.601351,128,35.542219
similarity_window_100ms,route2,similarity,100,74,74,H,sim_045,50.000,22,22,0,0,3.549538,3.599538,128,35.560116
similarity_window_100ms,route2,similarity,100,75,76,H,sim_045,40.000,22,22,22,1,3.544141,3.584141,128,35.712878
similarity_window_100ms,route2,similarity,100,76,77,H,sim_046,35.000,20,20,0,0,3.326546,3.361546,128,38.077714
similarity_window_100ms,route2,similarity,100,77,78,H,sim_047,30.000,19,19,0,0,3.130084,3.160084,128,40.505257
similarity_window_100ms,route2,similarity,100,78,79,H,sim_048,25.000,17,17,0,0,3.129986,3.154986,128,40.570704
similarity_window_100ms,route2,similarity,100,79,80,H,sim_049,20.000,19,19,0,0,3.133970,3.153970,128,40.583776
similarity_window_100ms,route2,similarity,100,80,81,I,sim_050,15.000,23,23,0,0,3.135581,3.150581,128,40.627429
similarity_window_100ms,route2,similarity,100,81,82,I,sim_051,10.000,21,21,0,0,3.217605,3.227605,128,39.657891
similarity_window_100ms,route2,similarity,100,82,83,I,sim_052,5.000,20,20,0,0,3.573664,3.578664,128,35.767535
similarity_window_100ms,route2,similarity,100,83,84,I,sim_053,0.000,20,20,0,0,3.498367,3.498367,128,36.588495
similarity_window_100ms,route2,similarity,100,84,85,I,sim_053,100.000,20,20,20,1,3.561207,3.661207,128,34.961146
similarity_window_100ms,route2,similarity,100,85,86,I,sim_054,95.000,20,20,0,0,3.463612,3.558612,128,35.969079
similarity_window_100ms,route2,similarity,100,86,87,I,sim_052,90.000,20,20,20,1,3.935952,4.025952,128,31.793723
similarity_window_100ms,route2,similarity,100,87,88,I,sim_050,85.000,23,23,23,1,3.612232,3.697232,128,34.620495
similarity_window_100ms,route2,similarity,100,88,89,I,sim_055,80.000,20,20,0,0,3.645346,3.725346,128,34.359220
similarity_window_100ms,route2,similarity,100,89,90,I,sim_051,75.000,21,21,21,1,3.720125,3.795125,128,33.727480
similarity_window_100ms,route2,similarity,100,90,91,J,sim_056,70.000,22,22,0,0,3.721101,3.791101,128,33.763282
similarity_window_100ms,route2,similarity,100,91,92,J,sim_057,65.000,22,22,0,0,3.726627,3.791627,128,33.758598
similarity_window_100ms,route2,similarity,100,92,96,J,sim_057,45.000,20,20,20,1,3.718259,3.763259,128,34.013072
similarity_window_100ms,route2,similarity,100,93,98,J,sim_057,35.000,22,22,22,1,3.711098,3.746098,128,34.168883
similarity_window_100ms,route2,similarity,100,94,100,J,sim_057,25.000,20,20,20,1,3.723565,3.748565,128,34.146399
similarity_window_100ms,route2,similarity,100,95,93,J,sim_058,60.000,22,22,0,0,3.711841,3.771841,128,33.935686
similarity_window_100ms,route2,similarity,100,96,95,J,sim_058,50.000,22,22,22,1,3.717580,3.767580,128,33.974060
similarity_window_100ms,route2,similarity,100,97,99,J,sim_058,30.000,22,22,22,1,3.719372,3.749372,128,34.139047
similarity_window_100ms,route2,similarity,100,98,94,J,sim_059,55.000,22,22,0,0,3.710423,3.765423,128,33.993529
similarity_window_100ms,route2,similarity,100,99,97,J,sim_060,40.000,23,23,0,0,3.723403,3.763403,128,34.011774
